Zelena opalova,0,93,82
Matova zelena,0,114,67
Dopravni zelena,0,135,84
Tyrkysova zelena,2,106,82
Vodni modra,7,115,122
Cerna,10,10,13
Modra ocean,11,65,81
Modrozelena,14,66,67
Dopravni modra,14,81,141
Mechova zelena,15,67,54
Signalni zelena,15,133,88
Enzianova modra,19,68,124
Signalni modra,21,72,137
Modra Capri,26,87,132
Modrocerna,29,31,42
Zelenomodra,31,71,100
Cernohneda,33,31,32
Tyrkysova modra,33,136,143
Ocelova modra,35,44,63
Kobaltova modra,35,45,83
Jedlova zelena,38,57,47
Listova zelena,39,98,53
Lahvove zelena,40,52,36
Smaragdova zelena,40,113,62
Nebeska modra,40,116,178
Grafitova cerna,41,44,47
Dopravni cerna,42,45,47
Safirova modra,42,55,86
Ultramarinova,43,44,124
Borovicova zelena,45,85,70
Signalni cerna,46,48,50
Cernoseda,46,50,52
Azurova,46,89,120
Nocni modra,47,42,90
Sedomodra,49,60,72
Cernozelena,49,64,61
Zelena patina,50,118,98
Svetle modra,52,129,184
Hnedozelena,53,56,46
Chromova zelena,53,71,51
Antracitova seda,55,63,67
Zulova seda,55,68,71
Modrofialova,56,76,112
Olivova zelenocerna,61,64,58
Olivova hneda,62,60,50
Travova zelena,62,117,59
Sedohneda,63,58,58
Cervenocerna,64,34,37
Olivova zelenoseda,64,67,59
Brilantni modra,65,103,141
Cokoladova hneda,68,50,45
Olivova zelenozluta,68,67,55
Majova zelena,70,134,65
Grafitova seda,71,74,80
Tyrkysova matova,71,138,132
Zelenozluta,72,164,63
Sepiova hneda,73,57,45
Purpurova fialkova,74,32,59
Stinova seda,75,77,70
Olivova zelena,75,87,62
Mahagonova hneda,76,47,38
Modroseda,77,102,142
Zemni hneda,78,59,43
Dopravni seda B,78,84,81
Bridlicova seda,81,86,92
Zelena,83,117,60
Hnedoseda,85,85,72
Ocelova seda,85,93,97
Stanova seda,87,93,87
Cedicova seda,89,97,99
Oriskova hneda,90,58,41
Zelenoseda,91,98,89
Sedomodra,93,105,112
Vinova cervena,94,32,40
Kastanova hneda,99,58,52
Cervenohneda,103,56,49
Rezedova zelena,104,130,91
Burgundska fialova,105,22,57
Pastelova modra,106,147,176
Kremenna seda,107,105,95
Mysi seda,107,113,111
Holubi modra,108,124,152
Svetle zlutohneda,111,74,47
Olivova hneda,111,79,40
Purpurove cervena,112,31,41
Oxidovana cervena,112,55,49
Seda khaki,116,102,67
Svetle hneda,117,92,73
Bezovoseda,117,111,97
Hnedobezova,121,85,60
Rakosova zelena,121,124,90
Lisejnikova seda,122,123,109
Signalni hneda,123,81,65
Prachova seda,124,127,126
Cervenohneda,126,41,44
Veverci seda,126,139,146
Pastelova tyrkysova,127,176,178
Antukova hneda,128,84,47
Olivova seda,129,127,104
Betonova seda,129,132,121
Cementova seda,129,137,121
Svetle zelena,129,192,187
Modrofialova,131,99,157
Bledezelena,134,164,124
Zelenohneda,136,113,66
Cervena lila,138,90,131
Rubinova,141,29,44
Medena hneda,143,78,53
Sedy hlinik,143,143,140
Dopravni seda A,143,150,149
Stribroseda,143,153,159
Fialova signalni,144,70,132
Perlova zlata,146,117,73
Cervenofialova,147,61,80
Sedozluta,147,145,118
Kamenna seda,147,147,136
Perlova oranzova,149,69,39
Dopravni purpurova,153,37,114
Zluta olivova,154,148,100
Platinova seda,154,150,151
Tomatova cervena,156,50,46
Okrova hneda,156,107,48
Okenni seda,157,163,166
Signalni seda,158,160,161
Signalni cervena,160,33,40
Karminova,161,35,43
Perlova bezova,162,153,133
Pastelova fialova,163,137,149
Zluta kari,163,140,21
Sedobezova,164,149,125
Bily hlinik,165,168,166
Hnedooranzova,166,94,47
Ohnive cervena,171,37,36
Orientalni cervena,172,50,59
Koralova cervena,172,64,52
Hnedobezova,175,138,84
Malinova cervena,180,32,65
Achatova seda,180,184,176
Pastelova zelena,183,217,177
Zluta okrova,184,156,80
Sterkova seda,185,185,168
Hedvabna seda,189,189,178
Cerveno oranzova,190,78,32
Dopravni cervena,193,18,28
Rumelkova,198,57,39
Zluta medova,200,159,4
Cervenobezova,203,141,115
Svetle seda,203,208,204
Bezova zelena,204,197,143
Bila papyrus,207,211,205
Jahodova cervena,209,65,82
Fialova vresova,209,91,143
Bezova,209,188,138
Piskova,210,183,115
Ruzova,211,84,95
Signalni oranzova,212,101,47
Staroruzova,212,116,121
Lososova ruzova,213,109,86
Citronova zluta,217,192,34
Lososova oranzova,219,106,80
Zlutooranzova,221,121,7
Bananova zluta,221,178,15
Sedobila,221,222,212
Slonova kost,223,206,161
Dopravni oranzova,225,85,1
Zluta kukuricna,225,161,0
Svetla ruzova,225,166,173
Zlatozluta,226,176,7
Oranzova prava,231,91,18
Zluta narcisova,231,156,0
Perlova bila,233,229,206
Slonova kost svetla,234,222,189
Sirova zluta,234,240,68
Oranzova tmava,236,124,37
Pastelova zluta,237,171,86
Slunecni zluta,238,162,5
Zluta horcicna,238,201,0
Kremova,239,235,220
Zluta dopravni,240,202,0
Svetlecervena oranzova,243,117,44
Zinkova zluta,243,224,59
Zluta safranova,244,183,82
Signalni bila,244,248,244
Fluorescencni zluta,245,255,0
Signalni zluta,247,186,11
Bila,247,249,239
Dopravni bila,247,251,245
Oranzova pastelova,250,132,43
Jirinkova zluta,250,171,33
Fluorescencni oranzova,255,35,0
Fluorescencni svetle oranzova,255,164,33
Melounova zluta,255,171,0
